USE zuche;

-- ============================================
-- 1. 用户表数据
-- ============================================
INSERT INTO users (id, username, password, phone, email, avatar, role, status, create_time, update_time, deleted) VALUES
(1, 'admin', '$2a$10$WwVhunrDvLdIRl.lXsblbuwbhp42RREUc4Tgo/CfaNF36IA6SF99G', '13800138000', 'admin@zuche.com', 'https://api.dicebear.com/7.x/avataaars/svg?seed=admin', 1, 1, '2024-01-01 10:00:00', '2024-01-01 10:00:00', 0),
(2, 'zhangsan', '$2a$10$WwVhunrDvLdIRl.lXsblbuwbhp42RREUc4Tgo/CfaNF36IA6SF99G', '13800138001', 'zhangsan@qq.com', 'https://api.dicebear.com/7.x/avataaars/svg?seed=zhangsan', 0, 1, '2024-01-15 14:30:00', '2024-01-15 14:30:00', 0),
(3, 'lisi', '$2a$10$WwVhunrDvLdIRl.lXsblbuwbhp42RREUc4Tgo/CfaNF36IA6SF99G', '13800138002', 'lisi@qq.com', 'https://api.dicebear.com/7.x/avataaars/svg?seed=lisi', 0, 1, '2024-01-20 09:15:00', '2024-01-20 09:15:00', 0),
(4, 'wangwu', '$2a$10$WwVhunrDvLdIRl.lXsblbuwbhp42RREUc4Tgo/CfaNF36IA6SF99G', '13800138003', 'wangwu@qq.com', 'https://api.dicebear.com/7.x/avataaars/svg?seed=wangwu', 0, 1, '2024-02-01 16:45:00', '2024-02-01 16:45:00', 0),
(5, 'zhaoliu', '$2a$10$WwVhunrDvLdIRl.lXsblbuwbhp42RREUc4Tgo/CfaNF36IA6SF99G', '13800138004', 'zhaoliu@qq.com', 'https://api.dicebear.com/7.x/avataaars/svg?seed=zhaoliu', 0, 1, '2024-02-10 11:20:00', '2024-02-10 11:20:00', 0),
(6, 'qianqi', '$2a$10$WwVhunrDvLdIRl.lXsblbuwbhp42RREUc4Tgo/CfaNF36IA6SF99G', '13800138005', 'qianqi@qq.com', 'https://api.dicebear.com/7.x/avataaars/svg?seed=qianqi', 0, 1, '2024-02-20 13:00:00', '2024-02-20 13:00:00', 0),
(7, 'sunba', '$2a$10$WwVhunrDvLdIRl.lXsblbuwbhp42RREUc4Tgo/CfaNF36IA6SF99G', '13800138006', 'sunba@qq.com', 'https://api.dicebear.com/7.x/avataaars/svg?seed=sunba', 0, 1, '2024-03-01 10:30:00', '2024-03-01 10:30:00', 0),
(8, 'zhoujiu', '$2a$10$WwVhunrDvLdIRl.lXsblbuwbhp42RREUc4Tgo/CfaNF36IA6SF99G', '13800138007', 'zhoujiu@qq.com', 'https://api.dicebear.com/7.x/avataaars/svg?seed=zhoujiu', 0, 1, '2024-03-05 15:45:00', '2024-03-05 15:45:00', 0),
(9, 'wushi', '$2a$10$WwVhunrDvLdIRl.lXsblbuwbhp42RREUc4Tgo/CfaNF36IA6SF99G', '13800138008', 'wushi@qq.com', 'https://api.dicebear.com/7.x/avataaars/svg?seed=wushi', 0, 1, '2024-03-10 09:00:00', '2024-03-10 09:00:00', 0),
(10, 'zhengshi', '$2a$10$WwVhunrDvLdIRl.lXsblbuwbhp42RREUc4Tgo/CfaNF36IA6SF99G', '13800138009', 'zhengshi@qq.com', 'https://api.dicebear.com/7.x/avataaars/svg?seed=zhengshi', 0, 1, '2024-03-15 14:00:00', '2024-03-15 14:00:00', 0);

-- ============================================
-- 2. 品牌表数据
-- ============================================
INSERT INTO brands (id, name, logo, create_time, deleted) VALUES
(1, '奥迪', 'https://logo.clearbit.com/audi.com', '2024-01-01 10:00:00', 0),
(2, '宝马', 'https://logo.clearbit.com/bmw.com', '2024-01-01 10:00:00', 0),
(3, '奔驰', 'https://logo.clearbit.com/mercedes-benz.com', '2024-01-01 10:00:00', 0),
(4, '丰田', 'https://logo.clearbit.com/toyota.com', '2024-01-01 10:00:00', 0),
(5, '本田', 'https://logo.clearbit.com/honda.com', '2024-01-01 10:00:00', 0),
(6, '大众', 'https://logo.clearbit.com/volkswagen.com', '2024-01-01 10:00:00', 0),
(7, '特斯拉', 'https://logo.clearbit.com/tesla.com', '2024-01-01 10:00:00', 0),
(8, '比亚迪', 'https://logo.clearbit.com/byd.com', '2024-01-01 10:00:00', 0),
(9, '蔚来', 'https://logo.clearbit.com/nio.com', '2024-01-01 10:00:00', 0),
(10, '理想', 'https://logo.clearbit.com/lixiang.com', '2024-01-01 10:00:00', 0),
(11, '小鹏', 'https://logo.clearbit.com/xiaopeng.com', '2024-01-01 10:00:00', 0),
(12, '保时捷', 'https://logo.clearbit.com/porsche.com', '2024-01-01 10:00:00', 0);

-- ============================================
-- 3. 分类表数据
-- ============================================
INSERT INTO categories (id, name, description, deleted) VALUES
(1, '经济型', '经济实惠，适合日常代步', 0),
(2, '舒适型', '空间宽敞，乘坐舒适', 0),
(3, '豪华型', '高端配置，尊贵体验', 0),
(4, 'SUV', '越野能力强，空间充裕', 0),
(5, '商务型', '商务接待，专业形象', 0),
(6, '跑车', '动力强劲，驾驶激情', 0),
(7, '新能源', '绿色环保，节能省钱', 0),
(8, 'MPV', '多人出行，家庭首选', 0);

-- ============================================
-- 4. 门店表数据
-- ============================================
INSERT INTO stores (id, name, address, phone, latitude, longitude, admin_id, status, create_time, deleted) VALUES
(1, '北京朝阳门店', '北京市朝阳区建国路88号', '010-88888888', 39.9042, 116.4074, NULL, 1, '2024-01-01 10:00:00', 0),
(2, '北京海淀门店', '北京市海淀区中关村大街1号', '010-66666666', 39.9890, 116.3063, NULL, 1, '2024-01-01 10:00:00', 0),
(3, '上海浦东门店', '上海市浦东新区陆家嘴环路1000号', '021-88888888', 31.2304, 121.4737, NULL, 1, '2024-01-01 10:00:00', 0),
(4, '上海徐汇门店', '上海市徐汇区淮海中路999号', '021-66666666', 31.2089, 121.4725, NULL, 1, '2024-01-01 10:00:00', 0),
(5, '广州天河门店', '广州市天河区珠江新城华夏路10号', '020-88888888', 23.1291, 113.2644, NULL, 1, '2024-01-01 10:00:00', 0),
(6, '深圳福田门店', '深圳市福田区深南大道1001号', '0755-88888888', 22.5431, 114.0579, NULL, 1, '2024-01-01 10:00:00', 0),
(7, '成都锦江门店', '成都市锦江区人民南路二段80号', '028-88888888', 30.6522, 104.0657, NULL, 1, '2024-01-01 10:00:00', 0),
(8, '杭州西湖门店', '杭州市西湖区文三路478号', '0571-88888888', 30.2741, 120.1551, NULL, 1, '2024-01-01 10:00:00', 0);

-- ============================================
-- 5. 车辆表数据 (修复了store_id字段)
-- ============================================
INSERT INTO cars (id, name, brand_id, category_id, store_id, color, price_per_day, deposit, seats, transmission, fuel_type, image, description, status, create_time, update_time, deleted) VALUES
(1, '奥迪A4L', 1, 2, 1, '黑色', 350.00, 5000.00, 5, '自动', '汽油', 'https://images.unsplash.com/photo-1603584173870-7f23fdae1b7a?w=800', '奥迪A4L，豪华中型轿车', 1, '2024-01-10 10:00:00', '2024-01-10 10:00:00', 0),
(2, '奥迪A6L', 1, 3, 1, '银色', 550.00, 8000.00, 5, '自动', '汽油', 'https://images.unsplash.com/photo-1606664515524-ed2f786a0bd6?w=800', '奥迪A6L，商务豪华轿车', 1, '2024-01-10 10:00:00', '2024-01-10 10:00:00', 0),
(3, '奥迪Q5L', 1, 4, 2, '白色', 480.00, 7000.00, 5, '自动', '汽油', 'https://images.unsplash.com/photo-1606016159991-dfe4f2746ad5?w=800', '奥迪Q5L，豪华中型SUV', 1, '2024-01-10 10:00:00', '2024-01-10 10:00:00', 0),
(4, '奥迪e-tron', 1, 7, 2, '蓝色', 600.00, 10000.00, 5, '自动', '电动', 'https://images.unsplash.com/photo-1593941707882-a5bba14938c7?w=800', '奥迪e-tron，纯电动豪华SUV', 1, '2024-01-10 10:00:00', '2024-01-10 10:00:00', 0),
(5, '宝马3系', 2, 2, 3, '白色', 380.00, 5500.00, 5, '自动', '汽油', 'https://images.unsplash.com/photo-1555215695-3004980ad54e?w=800', '宝马3系，运动中型轿车', 1, '2024-01-11 10:00:00', '2024-01-11 10:00:00', 0),
(6, '宝马5系', 2, 3, 3, '黑色', 580.00, 8500.00, 5, '自动', '汽油', 'https://images.unsplash.com/photo-1556189250-72ba95452e5d?w=800', '宝马5系，豪华商务轿车', 1, '2024-01-11 10:00:00', '2024-01-11 10:00:00', 0),
(7, '宝马X3', 2, 4, 4, '灰色', 520.00, 7500.00, 5, '自动', '汽油', 'https://images.unsplash.com/photo-1607853202273-797f1c22a38e?w=800', '宝马X3，运动中型SUV', 1, '2024-01-11 10:00:00', '2024-01-11 10:00:00', 0),
(8, '宝马iX3', 2, 7, 4, '蓝色', 550.00, 9000.00, 5, '自动', '电动', 'https://images.unsplash.com/photo-1617788138017-80ad40651399?w=800', '宝马iX3，纯电动SUV', 1, '2024-01-11 10:00:00', '2024-01-11 10:00:00', 0),
(9, '奔驰C级', 3, 2, 5, '银色', 400.00, 6000.00, 5, '自动', '汽油', 'https://images.unsplash.com/photo-1618843479313-40f8afb4b4d8?w=800', '奔驰C级，豪华紧凑型轿车', 1, '2024-01-12 10:00:00', '2024-01-12 10:00:00', 0),
(10, '奔驰E级', 3, 3, 5, '黑色', 650.00, 10000.00, 5, '自动', '汽油', 'https://images.unsplash.com/photo-1549399542-7e3f8b79c341?w=800', '奔驰E级，高端商务轿车', 1, '2024-01-12 10:00:00', '2024-01-12 10:00:00', 0),
(11, '奔驰GLC', 3, 4, 6, '白色', 580.00, 8500.00, 5, '自动', '汽油', 'https://images.unsplash.com/photo-1563720360172-67b8f3dce741?w=800', '奔驰GLC，豪华中型SUV', 1, '2024-01-12 10:00:00', '2024-01-12 10:00:00', 0),
(12, '奔驰EQC', 3, 7, 6, '灰色', 700.00, 12000.00, 5, '自动', '电动', 'https://images.unsplash.com/photo-1593941707882-a5bba14938c7?w=800', '奔驰EQC，纯电动豪华SUV', 1, '2024-01-12 10:00:00', '2024-01-12 10:00:00', 0),
(13, '丰田卡罗拉', 4, 1, 7, '白色', 150.00, 2000.00, 5, '自动', '汽油', 'https://images.unsplash.com/photo-1621007947382-bb3c3968e3bb?w=800', '丰田卡罗拉，经济实用', 1, '2024-01-13 10:00:00', '2024-01-13 10:00:00', 0),
(14, '丰田凯美瑞', 4, 2, 7, '黑色', 220.00, 3000.00, 5, '自动', '汽油', 'https://images.unsplash.com/photo-1629897048514-3dd74151ae2b?w=800', '丰田凯美瑞，中型轿车', 1, '2024-01-13 10:00:00', '2024-01-13 10:00:00', 0),
(15, '丰田汉兰达', 4, 4, 8, '银色', 350.00, 5000.00, 7, '自动', '汽油', 'https://images.unsplash.com/photo-1568844293986-8d0400bd4745?w=800', '丰田汉兰达，大型SUV', 1, '2024-01-13 10:00:00', '2024-01-13 10:00:00', 0),
(16, '丰田埃尔法', 4, 8, 8, '白色', 800.00, 15000.00, 7, '自动', '汽油', 'https://images.unsplash.com/photo-1619767886558-efdc259cde1a?w=800', '丰田埃尔法，豪华MPV', 1, '2024-01-13 10:00:00', '2024-01-13 10:00:00', 0),
(17, '本田思域', 5, 1, 1, '红色', 180.00, 2500.00, 5, '自动', '汽油', 'https://images.unsplash.com/photo-1605816988066-b0cf0e0c11f2?w=800', '本田思域，运动紧凑型轿车', 1, '2024-01-14 10:00:00', '2024-01-14 10:00:00', 0),
(18, '本田雅阁', 5, 2, 1, '黑色', 250.00, 3500.00, 5, '自动', '汽油', 'https://images.unsplash.com/photo-1606152421802-db97b9c7a11b?w=800', '本田雅阁，中型轿车', 1, '2024-01-14 10:00:00', '2024-01-14 10:00:00', 0),
(19, '本田CR-V', 5, 4, 2, '白色', 280.00, 4000.00, 5, '自动', '汽油', 'https://images.unsplash.com/photo-1568844293986-8d0400bd4745?w=800', '本田CR-V，紧凑型SUV', 1, '2024-01-14 10:00:00', '2024-01-14 10:00:00', 0),
(20, '本田奥德赛', 5, 8, 2, '银色', 400.00, 6000.00, 7, '自动', '汽油', 'https://images.unsplash.com/photo-1619767886558-efdc259cde1a?w=800', '本田奥德赛，家用MPV', 1, '2024-01-14 10:00:00', '2024-01-14 10:00:00', 0),
(21, '大众朗逸', 6, 1, 3, '银色', 140.00, 1800.00, 5, '自动', '汽油', 'https://images.unsplash.com/photo-1549317661-bd32c8ce0db2?w=800', '大众朗逸，经济型轿车', 1, '2024-01-15 10:00:00', '2024-01-15 10:00:00', 0),
(22, '大众帕萨特', 6, 2, 3, '黑色', 260.00, 3800.00, 5, '自动', '汽油', 'https://images.unsplash.com/photo-1606220838315-056192d5e927?w=800', '大众帕萨特，中型轿车', 1, '2024-01-15 10:00:00', '2024-01-15 10:00:00', 0),
(23, '大众途观L', 6, 4, 4, '白色', 320.00, 4500.00, 5, '自动', '汽油', 'https://images.unsplash.com/photo-1606016159991-dfe4f2746ad5?w=800', '大众途观L，中型SUV', 1, '2024-01-15 10:00:00', '2024-01-15 10:00:00', 0),
(24, '大众迈腾', 6, 5, 4, '黑色', 300.00, 4000.00, 5, '自动', '汽油', 'https://images.unsplash.com/photo-1606220838315-056192d5e927?w=800', '大众迈腾，商务轿车', 1, '2024-01-15 10:00:00', '2024-01-15 10:00:00', 0),
(25, '特斯拉Model 3', 7, 7, 5, '白色', 400.00, 6000.00, 5, '自动', '电动', 'https://images.unsplash.com/photo-1560958089-b8a1929cea89?w=800', '特斯拉Model 3，纯电动轿车', 1, '2024-01-16 10:00:00', '2024-01-16 10:00:00', 0),
(26, '特斯拉Model Y', 7, 7, 5, '黑色', 480.00, 8000.00, 5, '自动', '电动', 'https://images.unsplash.com/photo-1617788138017-80ad40651399?w=800', '特斯拉Model Y，纯电动SUV', 1, '2024-01-16 10:00:00', '2024-01-16 10:00:00', 0),
(27, '特斯拉Model S', 7, 6, 6, '红色', 800.00, 15000.00, 5, '自动', '电动', 'https://images.unsplash.com/photo-1617704548623-340376564e68?w=800', '特斯拉Model S，高性能电动跑车', 1, '2024-01-16 10:00:00', '2024-01-16 10:00:00', 0),
(28, '比亚迪秦PLUS', 8, 7, 7, '灰色', 180.00, 2500.00, 5, '自动', '电动', 'https://images.unsplash.com/photo-1593941707882-a5bba14938c7?w=800', '比亚迪秦PLUS，纯电动轿车', 1, '2024-01-17 10:00:00', '2024-01-17 10:00:00', 0),
(29, '比亚迪汉EV', 8, 7, 7, '黑色', 350.00, 5000.00, 5, '自动', '电动', 'https://images.unsplash.com/photo-1618843479313-40f8afb4b4d8?w=800', '比亚迪汉EV，豪华电动轿车', 1, '2024-01-17 10:00:00', '2024-01-17 10:00:00', 0),
(30, '比亚迪唐DM', 8, 4, 8, '白色', 400.00, 6000.00, 7, '自动', '插电混动', 'https://images.unsplash.com/photo-1606016159991-dfe4f2746ad5?w=800', '比亚迪唐DM，插电混动SUV', 1, '2024-01-17 10:00:00', '2024-01-17 10:00:00', 0),
(31, '蔚来ET5', 9, 7, 1, '蓝色', 450.00, 7000.00, 5, '自动', '电动', 'https://images.unsplash.com/photo-1593941707882-a5bba14938c7?w=800', '蔚来ET5，智能电动轿车', 1, '2024-01-18 10:00:00', '2024-01-18 10:00:00', 0),
(32, '蔚来ES6', 9, 4, 1, '灰色', 520.00, 8500.00, 5, '自动', '电动', 'https://images.unsplash.com/photo-1607853202273-797f1c22a38e?w=800', '蔚来ES6，智能电动SUV', 1, '2024-01-18 10:00:00', '2024-01-18 10:00:00', 0),
(33, '理想L7', 10, 4, 2, '银色', 550.00, 9000.00, 5, '自动', '增程电动', 'https://images.unsplash.com/photo-1606016159991-dfe4f2746ad5?w=800', '理想L7，增程式电动SUV', 1, '2024-01-19 10:00:00', '2024-01-19 10:00:00', 0),
(34, '理想L9', 10, 8, 2, '黑色', 700.00, 12000.00, 6, '自动', '增程电动', 'https://images.unsplash.com/photo-1619767886558-efdc259cde1a?w=800', '理想L9，豪华增程电动MPV', 1, '2024-01-19 10:00:00', '2024-01-19 10:00:00', 0),
(35, '小鹏P7', 11, 7, 3, '白色', 380.00, 5500.00, 5, '自动', '电动', 'https://images.unsplash.com/photo-1593941707882-a5bba14938c7?w=800', '小鹏P7，智能电动轿车', 1, '2024-01-20 10:00:00', '2024-01-20 10:00:00', 0),
(36, '小鹏G9', 11, 4, 3, '蓝色', 480.00, 7500.00, 5, '自动', '电动', 'https://images.unsplash.com/photo-1607853202273-797f1c22a38e?w=800', '小鹏G9，智能电动SUV', 1, '2024-01-20 10:00:00', '2024-01-20 10:00:00', 0),
(37, '保时捷911', 12, 6, 4, '红色', 2500.00, 50000.00, 2, '自动', '汽油', 'https://images.unsplash.com/photo-1503376763036-066120622c74?w=800', '保时捷911，经典跑车', 1, '2024-01-21 10:00:00', '2024-01-21 10:00:00', 0),
(38, '保时捷卡宴', 12, 4, 4, '白色', 1500.00, 30000.00, 5, '自动', '汽油', 'https://images.unsplash.com/photo-1606016159991-dfe4f2746ad5?w=800', '保时捷卡宴，豪华运动SUV', 1, '2024-01-21 10:00:00', '2024-01-21 10:00:00', 0),
(39, '保时捷帕拉梅拉', 12, 3, 5, '黑色', 2000.00, 40000.00, 4, '自动', '汽油', 'https://images.unsplash.com/photo-1549399542-7e3f8b79c341?w=800', '保时捷帕拉梅拉，豪华轿跑', 1, '2024-01-21 10:00:00', '2024-01-21 10:00:00', 0),
(40, '保时捷Taycan', 12, 6, 5, '蓝色', 2200.00, 45000.00, 4, '自动', '电动', 'https://images.unsplash.com/photo-1617704548623-340376564e68?w=800', '保时捷Taycan，纯电动跑车', 1, '2024-01-21 10:00:00', '2024-01-21 10:00:00', 0);

-- ============================================
-- 6. 订单表数据
-- ============================================
INSERT INTO orders (id, order_no, user_id, car_id, start_time, end_time, total_price, deposit, pickup_store_id, return_store_id, status, create_time, update_time, deleted) VALUES
(1, 'ORD202403010001', 2, 1, '2024-03-01 09:00:00', '2024-03-03 18:00:00', 1050.00, 5000.00, 1, 1, 3, '2024-02-28 10:00:00', '2024-03-03 20:00:00', 0),
(2, 'ORD202403050002', 3, 5, '2024-03-05 10:00:00', '2024-03-07 18:00:00', 1140.00, 5500.00, 3, 3, 3, '2024-03-04 14:00:00', '2024-03-07 20:00:00', 0),
(3, 'ORD202403100003', 4, 13, '2024-03-10 08:00:00', '2024-03-15 18:00:00', 750.00, 2000.00, 7, 7, 3, '2024-03-08 16:00:00', '2024-03-15 20:00:00', 0),
(4, 'ORD202403120004', 5, 17, '2024-03-12 09:00:00', '2024-03-14 18:00:00', 540.00, 2500.00, 1, 1, 3, '2024-03-10 11:00:00', '2024-03-14 20:00:00', 0),
(5, 'ORD202403150005', 2, 21, '2024-03-15 10:00:00', '2024-03-16 18:00:00', 280.00, 1800.00, 3, 3, 3, '2024-03-14 09:00:00', '2024-03-16 20:00:00', 0),
(6, 'ORD202403200006', 6, 25, '2024-03-20 08:00:00', '2024-03-22 18:00:00', 1200.00, 6000.00, 5, 5, 3, '2024-03-18 15:00:00', '2024-03-22 20:00:00', 0),
(7, 'ORD202403250007', 7, 28, '2024-03-25 09:00:00', '2024-03-28 18:00:00', 540.00, 2500.00, 7, 7, 2, '2024-03-23 10:00:00', '2024-03-25 08:00:00', 0),
(8, 'ORD202404010008', 8, 2, '2024-04-01 10:00:00', '2024-04-05 18:00:00', 2750.00, 8000.00, 1, 1, 1, '2024-03-30 14:00:00', '2024-04-01 08:00:00', 0),
(9, 'ORD202404050009', 9, 10, '2024-04-05 09:00:00', '2024-04-07 18:00:00', 1950.00, 10000.00, 5, 5, 0, '2024-04-03 16:00:00', '2024-04-03 16:00:00', 0),
(10, 'ORD202404080010', 10, 35, '2024-04-08 08:00:00', '2024-04-10 18:00:00', 1140.00, 5500.00, 3, 3, 0, '2024-04-06 11:00:00', '2024-04-06 11:00:00', 0);

-- ============================================
-- 7. 评价表数据
-- ============================================
INSERT INTO reviews (id, user_id, car_id, order_id, rating, content, create_time, deleted) VALUES
(1, 2, 1, 1, 5, '车辆很新，驾驶体验很好！', '2024-03-03 21:00:00', 0),
(2, 3, 5, 2, 5, '宝马3系操控确实不错！', '2024-03-07 21:00:00', 0),
(3, 4, 13, 3, 4, '卡罗拉省油耐用，适合长途', '2024-03-15 21:00:00', 0),
(4, 5, 17, 4, 5, '思域动力很足！', '2024-03-14 21:00:00', 0),
(5, 2, 21, 5, 4, '朗逸性价比很高', '2024-03-16 21:00:00', 0);

-- ============================================
-- 8. 收藏表数据
-- ============================================
INSERT INTO favorites (id, user_id, car_id, create_time, deleted) VALUES
(1, 2, 1, '2024-03-01 09:00:00', 0),
(2, 2, 2, '2024-03-01 09:30:00', 0),
(3, 3, 5, '2024-03-02 14:00:00', 0),
(4, 4, 13, '2024-03-03 11:00:00', 0),
(5, 5, 17, '2024-03-04 16:00:00', 0);

-- ============================================
-- 9. 知识库表数据
-- ============================================
INSERT INTO knowledge_base (id, question, answer, category, priority, status, create_time, deleted) VALUES
(1, '租车需要什么证件？', '租车需要提供本人有效身份证、驾驶证（驾龄需满1年以上）', '租车流程', 10, 1, '2024-01-01 10:00:00', 0),
(2, '押金什么时候退还？', '车辆归还并验收无误后，押金将在3-7个工作日内原路退回', '费用说明', 10, 1, '2024-01-01 10:00:00', 0),
(3, '可以异地还车吗？', '支持异地还车，但可能需要支付一定的异地还车费用', '租车流程', 9, 1, '2024-01-01 10:00:00', 0),
(4, '租车有里程限制吗？', '大部分车型每日限行300公里，超出部分按每公里1-3元收费', '费用说明', 9, 1, '2024-01-01 10:00:00', 0),
(5, '如何取消订单？', '取车前24小时可免费取消，取车前12小时内取消收取50%违约金', '订单管理', 8, 1, '2024-01-01 10:00:00', 0);

-- 重置自增ID
ALTER TABLE users AUTO_INCREMENT = 11;
ALTER TABLE brands AUTO_INCREMENT = 13;
ALTER TABLE categories AUTO_INCREMENT = 9;
ALTER TABLE stores AUTO_INCREMENT = 9;
ALTER TABLE cars AUTO_INCREMENT = 41;
ALTER TABLE orders AUTO_INCREMENT = 11;
ALTER TABLE reviews AUTO_INCREMENT = 6;
ALTER TABLE favorites AUTO_INCREMENT = 6;
ALTER TABLE knowledge_base AUTO_INCREMENT = 6;